NUTS3;CODE
'FI1B1';'00671'
'FI1B1';'00701'
'FI1B1';'00711'
'FI1B1';'00721'
'FI1B1';'00741'
'FI1B1';'00751'
'FI1B1';'00761'
'FI1B1';'00771'
'FI1B1';'00781'
'FI1B1';'00791'
'FI1B1';'00811'
'FI1B1';'00861'
'FI1B1';'00921'
'FI1B1';'00931'
'FI1B1';'00941'
'FI1B1';'00971'
'FI1B1';'00981'
'FI1B1';'01151'
'FI1B1';'01201'
'FI1B1';'01261'
'FI1B1';'01301'
'FI1B1';'01351'
'FI1B1';'01361'
'FI1B1';'01391'
'FI1B1';'01451'
'FI1B1';'01511'
'FI1B1';'01531'
'FI1B1';'01601'
'FI1B1';'01611'
'FI1B1';'01621'
'FI1B1';'01641'
'FI1B1';'01651'
'FI1B1';'01661'
'FI1B1';'01671'
'FI1B1';'01711'
'FI1B1';'01721'
'FI1B1';'01741'
'FI1B1';'01801'
'FI1B1';'01901'
'FI1B1';'02101'
'FI1B1';'02131'
'FI1B1';'02151'
'FI1B1';'02171'
'FI1B1';'02201'
'FI1B1';'02211'
'FI1B1';'02231'
'FI1B1';'02241'
'FI1B1';'02271'
'FI1B1';'02321'
'FI1B1';'02361'
'FI1B1';'02401'
'FI1B1';'02421'
'FI1B1';'02431'
'FI1B1';'02471'
'FI1B1';'02601'
'FI1B1';'02611'
'FI1B1';'02621'
'FI1B1';'02631'
'FI1B1';'02661'
'FI1B1';'02701'
'FI1B1';'02711'
'FI1B1';'02761'
'FI1B1';'02771'
'FI1B1';'02781'
'FI1B1';'02921'
'FI1B1';'02941'
'FI1B1';'03101'
'FI1B1';'03601'
'FI1B1';'04131'
'FI1B1';'04201'
'FI1B1';'04251'
'FI1B1';'04261'
'FI1B1';'04301'
'FI1B1';'04321'
'FI1B1';'04401'
'FI1B1';'04431'
'FI1B1';'04501'
'FI1B1';'04601'
'FI1B1';'05201'
'FI1B1';'05401'
'FI1B1';'05801'
'FI1B1';'05831'
'FI1B1';'05901'
'FI1B1';'08101'
'FI1B1';'08151'
'FI1B1';'08201'
'FI1B1';'08501'
'FI1B1';'08701'
'FI1B1';'10211'
'FI1B1';'10301'
'FI1B1';'10421'
'FI1B1';'10601'
'FI1B1';'10611'
'FI1B1';'10641'
'FI1B1';'06101'
'FI1B1';'06151'
'FI1B1';'06401'
'FI1B1';'07231'
'FI1B1';'07601'
'FI1B1';'07901'
'FI1C1';'21601'
'FI1C1';'25701'
'FI1C1';'24101'
'FI198';'44201'
'FI1D9';'93850'
'FI1D9';'93920'
'FI1D9';'93940'
'FI1D9';'93990'
'FI1C1';'24801'
'FI1C1';'25501'
'FI1C1';'31401'
'FI1C1';'20101'
'FI1C1';'20201'
'FI1C1';'20241'
'FI1C1';'20251'
'FI1C1';'20321'
'FI1C1';'20361'
'FI1C1';'20381'
'FI1C1';'20501'
'FI1C1';'20521'
'FI1C1';'20541'
'FI1C1';'20611'
'FI1C1';'20701'
'FI1C1';'20741'
'FI1C1';'20751'
'FI1C1';'20761'
'FI1C1';'20781'
'FI1C1';'20801'
'FI1C1';'20811'
'FI1C1';'21101'
'FI1C1';'21201'
'FI1C1';'21251'
'FI1C1';'21291'
'FI1C1';'21421'
'FI1C1';'21501'
'FI1C1';'21531'
'FI1C1';'21571'
'FI1C1';'23101'
'FI1C1';'23201'
'FI1C1';'23311'
'FI19A';'65101'
'FI19A';'65301'
'FI1C1';'23601'
'FI1C1';'23801'
'FI1C1';'21381'
'FI1C1';'21801'
'FI1C1';'21871'
'FI1C1';'21901'
'FI1C1';'31501'
'FI1C1';'32201'
'FI1C1';'32441'
'FI196';'26101'
'FI196';'26661'
'FI196';'27101'
'FI196';'27231'
'FI196';'27401'
'FI196';'27501'
'FI196';'27511'
'FI196';'27801'
'FI196';'29101'
'FI196';'28101'
'FI196';'28131'
'FI196';'28361'
'FI196';'28401'
'FI196';'28601'
'FI196';'29201'
'FI196';'29251'
'FI196';'29601'
'FI196';'29631'
'FI196';'29901'
'FI196';'32701'
'FI196';'32801'
'FI196';'38601'
'FI196';'29811'
'FI196';'38701'
'FI196';'38841'
'FI196';'38951'
'FI1C2';'00002'
'FI1C2';'12401'
'FI1C2';'13111'
'FI1C2';'13131'
'FI1C2';'13211'
'FI1C2';'13501'
'FI1C2';'13701'
'FI1C2';'13721'
'FI1C2';'14201'
'FI1C2';'16901'
'FI1C2';'11111'
'FI1C2';'11311'
'FI1C2';'12101'
'FI1C2';'12701'
'FI1C2';'30101'
'FI1C2';'30421'
'FI1C2';'31601'
'FI1C2';'31641'
'FI19B';'39501'
'FI19B';'39701'
'FI19B';'37601'
'FI19B';'37801'
'FI19B';'37911'
'FI19B';'33101'
'FI19B';'33201'
'FI19B';'33211'
'FI19B';'33231'
'FI19B';'33251'
'FI19B';'33271'
'FI19B';'33311'
'FI19B';'33331'
'FI19B';'33341'
'FI19B';'33401'
'FI19B';'33411'
'FI19B';'33471'
'FI19B';'33501'
'FI19B';'33521'
'FI19B';'33531'
'FI19B';'33541'
'FI19B';'33561'
'FI19B';'33581'
'FI19B';'33701'
'FI19B';'33711'
'FI19B';'33721'
'FI19B';'33731'
'FI19B';'33801'
'FI19B';'33821'
'FI19B';'33841'
'FI19B';'33851'
'FI19B';'33881'
'FI19B';'33901'
'FI19B';'33961'
'FI19B';'34301'
'FI19B';'35301'
'FI19B';'36201'
'FI19B';'36601'
'FI19B';'37101'
'FI19B';'37121'
'FI19B';'37241'
'FI19B';'37501'
'FI19B';'37551'
'FI19B';'39101'
'FI19B';'31901'
'FI19B';'32741'
'FI19B';'38201'
'FI19B';'38211'
'FI19B';'38370'
'FI19B';'34601'
'FI19B';'34801'
'FI19B';'35701'
'FI19B';'35801'
'FI1C6';'15101'
'FI1C6';'15111'
'FI1C6';'15141'
'FI1C6';'15151'
'FI1C6';'15241'
'FI1C6';'15250'
'FI1C6';'15251'
'FI1C6';'15501'
'FI1C6';'15551'
'FI1C6';'15561'
'FI1C6';'15701'
'FI1C6';'15801'
'FI1C6';'15871'
'FI1C6';'15901'
'FI1C6';'16201'
'FI1C6';'16301'
'FI1C6';'16601'
'FI1C6';'16801'
'FI1C6';'17201'
'FI1C6';'18101'
'FI1C6';'19701'
'FI1C7';'45101'
'FI1C7';'45201'
'FI1C7';'45371'
'FI1C7';'45411'
'FI1C7';'45611'
'FI1C7';'45701'
'FI1C7';'45911'
'FI1C7';'46801'
'FI1C7';'46901'
'FI1C7';'47201'
'FI1C6';'47401'
'FI1C7';'48101'
'FI1C7';'48401'
'FI1C7';'48601'
'FI1C7';'48771'
'FI1C7';'49401'
'FI1C7';'49411'
'FI1C7';'49461'
'FI1C7';'49901'
'FI1C5';'53101'
'FI1C5';'53301'
'FI1C5';'53501'
'FI1C5';'53851'
'FI1C5';'54101'
'FI1C5';'54501'
'FI1C5';'54801'
'FI1C5';'55101'
'FI1C5';'55121'
'FI1C5';'55801'
'FI1C5';'56101'
'FI1C5';'56801'
'FI1C5';'59101'
'FI1C5';'59511'
'FI1DA';'50101'
'FI1DA';'51201'
'FI1DA';'51601'
'FI1DA';'52301'
'FI1DA';'52551'
'FI1DA';'52701'
'FI1DA';'57101'
'FI1DA';'57201'
'FI1DA';'58201'
'FI1DA';'58501'
'FI1DA';'58701'
'FI1DA';'58901'
'FI1DC';'79701'
'FI1DA';'52201'
'FI1D7';'98999'
'FI1D7';'99380'
'FI1D7';'99831'
'FI1D7';'99880'
'FI1D7';'99970'
'FI1DA';'00101'
'FI1DA';'51901'
'FI1DA';'76101'
'FI1DB';'79601'
'FI1DB';'72401'
'FI1DB';'72601'
'FI1DB';'73101'
'FI1DB';'73201'
'FI1DB';'74101'
'FI1DB';'74121'
'FI1DB';'74301'
'FI1DB';'74701'
'FI1DB';'70006'
'FI1DB';'70101'
'FI1DB';'70111'
'FI1DB';'70151'
'FI1DB';'70201'
'FI1DB';'70211'
'FI1DB';'70401'
'FI1DB';'70421'
'FI1DB';'70461'
'FI1DB';'70501'
'FI1DB';'70601'
'FI1DB';'70621'
'FI1DB';'70701'
'FI1DB';'70781'
'FI1DB';'70801'
'FI1DB';'70821'
'FI1DB';'70871'
'FI1DB';'70901'
'FI1DB';'70911'
'FI1DB';'72101'
'FI1DB';'73301'
'FI1DB';'73501'
'FI1DB';'71201'
'FI1DB';'73601'
'FI1DB';'73901'
'FI1DB';'79101'
'FI1DB';'72211'
'FI1DB';'77601'
'FI1DC';'80101'
'FI1DC';'80141'
'FI1DC';'80161'
'FI1DC';'80401'
'FI1DC';'80511'
'FI1DC';'80791'
'FI1DC';'81101'
'FI1DC';'81201'
'FI1DC';'81281'
'FI1DC';'82201'
'FI1DC';'82901'
'FI1DC';'83101'
'FI1DC';'83501'
'FI1DC';'83701'
'FI1DC';'83901'
'FI1DC';'82301'
'FI1DC';'82501'
'FI1DC';'82601'
'FI1DC';'75501'
'FI1DC';'75531'
'FI1DC';'75701'
'FI1DC';'81701'
'FI198';'40101'
'FI198';'40271'
'FI198';'40321'
'FI198';'40341'
'FI198';'40350'
'FI198';'40351'
'FI198';'40521'
'FI198';'40531'
'FI198';'40701'
'FI198';'40801'
'FI198';'40951'
'FI198';'41161'
'FI198';'41231'
'FI198';'41331'
'FI198';'41341'
'FI198';'41401'
'FI198';'41521'
'FI198';'41661'
'FI198';'41801'
'FI198';'41901'
'FI198';'19651'
'FI198';'42601'
'FI198';'42701'
'FI198';'42721'
'FI19B';'17801'
'FI198';'35601'
'FI198';'42101'
'FI198';'42301'
'FI198';'44101'
'FI198';'44401'
'FI198';'43101'
'FI198';'43501'
'FI198';'43701'
'FI198';'43901'
'FI198';'44501'
'FI198';'44801'
'FI199';'61801'
'FI199';'64701'
'FI199';'64901'
'FI199';'60060'
'FI199';'60101'
'FI199';'60110'
'FI199';'60511'
'FI199';'60801'
'FI199';'61301'
'FI199';'61401'
'FI199';'61601'
'FI199';'62101'
'FI199';'62201'
'FI199';'62301'
'FI199';'62421'
'FI199';'66301'
'FI199';'63101'
'FI199';'63301'
'FI199';'63701'
'FI199';'62501'
'FI199';'62601'
'FI199';'62901'
'FI199';'63501'
'FI199';'61501'
'FI19A';'66401'
'FI199';'66441'
'FI19A';'65201'
'FI19A';'65231'
'FI19A';'65611'
'FI19A';'66141'
'FI19A';'66201'
'FI19A';'66501'
'FI19A';'66531'
'FI19A';'66801'
'FI19A';'64101'
'FI19A';'64201'
'FI19A';'66901'
'FI19A';'68501'
'FI1D5';'69301'
'FI1D5';'69601'
'FI1D5';'69701'
'FI1D5';'69951'
'FI1D5';'67701'
'FI1D9';'90015'
'FI1D9';'90029'
'FI1D9';'90101'
'FI1D9';'90401'
'FI1D9';'90441'
'FI1D9';'90451'
'FI1D9';'90461'
'FI1D9';'90501'
'FI1D9';'90571'
'FI1D9';'90601'
'FI1D9';'90651'
'FI1D9';'90831'
'FI1D9';'90901'
'FI1D9';'91501'
'FI1D9';'91901'
'FI1D9';'91101'
'FI1D9';'91601'
'FI1D9';'86101'
'FI1D9';'86401'
'FI1D9';'92401'
'FI1D9';'92501'
'FI1D9';'85501'
'FI1D9';'85801'
'FI1D9';'86301'
'FI1D9';'69101'
'FI1D9';'84101'
'FI1D9';'85101'
'FI1D9';'85201'
'FI1D9';'93401'
'FI1D9';'93601'
'FI1D8';'88901'
'FI1D8';'89201'
'FI1D8';'89401'
'FI1D8';'89601'
'FI1D8';'87401'
'FI1D8';'87601'
'FI1D8';'88201'
'FI1D8';'88401'
'FI1D8';'88601'
'FI1D9';'91701'
'FI1D7';'96101'
'FI1D7';'96201'
'FI1D7';'96301'
'FI1D7';'97701'
'FI1D7';'97770'
'FI1D7';'99999'
'FI1D7';'94101'
'FI1D7';'94401'
'FI1D7';'95201'
'FI1D7';'95401'
'FI1D7';'95421'
'FI1D7';'95601'
'FI1D7';'95701'
'FI1D7';'97901'
'FI1D7';'98101'
'FI1D7';'98901'
'FI1D7';'95901'
'FI1D7';'99101'
'FI1D7';'99131'
'FI1D7';'99301'
'FI1D7';'99401'
'FI1D7';'99601'
'FI1D7';'99801'
'FI1D7';'99871'
'FI1D7';'99981'
'FI1B1';'10901'
'FI1C2';'11101'
'FI1C2';'13101'
'FI1C2';'14330'
'FI1C2';'14370'
'FI1C6';'17501'
'FI1C6';'19601'
'FI1D5';'67101'
'FI19A';'68601'
'FI1D5';'69540'
'FI1B1';'07171'
'FI1DB';'71801'
'FI1DB';'71999'
'FI1DB';'73270'
'FI1DB';'73860'
'FI1DB';'74999'
'FI1DB';'77899'
'FI1DA';'77999'
'FI1DB';'78201'
'FI19B';'31761'
'FI1C1';'21661'
'FI1C1';'23501'
'FI1DC';'81999'
'FI1D9';'86601'
'FI1D9';'86801'
'FI1D8';'87101'
'FI1D8';'89999'
'FI200';'22101'
'FI200';'22151'
'FI200';'22411'
'FI1B1';'00102'
'FI1B1';'00121'
'FI1B1';'00131'
'FI1B1';'00141'
'FI1B1';'00151'
'FI1B1';'00161'
'FI1B1';'00171'
'FI1B1';'00181'
'FI1B1';'00191'
'FI1B1';'00201'
'FI1B1';'00211'
'FI1B1';'00221'
'FI1B1';'00231'
'FI1B1';'00232'
'FI1B1';'00241'
'FI1B1';'00251'
'FI1B1';'00271'
'FI1B1';'00281'
'FI1B1';'00301'
'FI1B1';'00321'
'FI1B1';'00331'
'FI1B1';'00341'
'FI1B1';'00351'
'FI1B1';'00371'
'FI1B1';'00381'
'FI1B1';'00391'
'FI1B1';'00401'
'FI1B1';'00411'
'FI1B1';'00421'
'FI1B1';'00431'
'FI1B1';'00441'
'FI1B1';'00501'
'FI1B1';'00511'
'FI1B1';'00521'
'FI1B1';'00531'
'FI1B1';'00551'
'FI1B1';'00561'
'FI1B1';'00581'
'FI1B1';'00601'
'FI1B1';'00621'
'FI1B1';'00641'
'FI1B1';'00661'
'FI1D9';'91999'
'FI1D9';'92101'
'FI1D9';'93101'
'FI1D9';'93680'
'FI1D9';'93730'
'FI1D9';'93780'
'FI1D9';'93820'
'FI1D9';'93825'
'FI1B1';'00100'
'FI1B1';'00120'
'FI1B1';'00130'
'FI1B1';'00240'
'FI1B1';'00350'
'FI1B1';'00140'
'FI1B1';'00280'
'FI1B1';'00290'
'FI1B1';'00300'
'FI1B1';'00150'
'FI1B1';'00160'
'FI1B1';'00170'
'FI1B1';'00180'
'FI1B1';'00190'
'FI1B1';'00200'
'FI1B1';'00310'
'FI1B1';'00320'
'FI1B1';'00210'
'FI1B1';'00220'
'FI1B1';'00230'
'FI1B1';'00360'
'FI1B1';'00250'
'FI1B1';'00260'
'FI1B1';'00270'
'FI1B1';'00330'
'FI1B1';'00340'
'FI1B1';'00370'
'FI1B1';'00380'
'FI1B1';'00390'
'FI1B1';'00400'
'FI1B1';'00410'
'FI1B1';'00420'
'FI1B1';'00430'
'FI1B1';'00440'
'FI1B1';'00500'
'FI1B1';'00510'
'FI1B1';'00520'
'FI1B1';'00530'
'FI1B1';'00880'
'FI1B1';'00540'
'FI1B1';'00550'
'FI1B1';'00560'
'FI1B1';'07370'
'FI1B1';'00570'
'FI1B1';'00580'
'FI1B1';'07390'
'FI1B1';'00590'
'FI1B1';'00600'
'FI1B1';'00610'
'FI1B1';'00620'
'FI1B1';'00630'
'FI1B1';'00900'
'FI1B1';'00640'
'FI1B1';'00650'
'FI1B1';'00660'
'FI1B1';'00670'
'FI1B1';'00680'
'FI1B1';'00690'
'FI1B1';'07900'
'FI1B1';'00700'
'FI1B1';'00710'
'FI1B1';'00720'
'FI1B1';'00730'
'FI1B1';'00910'
'FI1B1';'00740'
'FI1B1';'00750'
'FI1B1';'00760'
'FI1B1';'00770'
'FI1B1';'05440'
'FI1B1';'00780'
'FI1B1';'00790'
'FI1B1';'00800'
'FI1B1';'00920'
'FI1B1';'00950'
'FI1B1';'00810'
'FI1B1';'00820'
'FI1B1';'00930'
'FI1B1';'00830'
'FI1B1';'00940'
'FI1B1';'00960'
'FI1B1';'00840'
'FI1B1';'00850'
'FI1B1';'00860'
'FI1B1';'00870'
'FI1B1';'00890'
'FI1B1';'00970'
'FI1B1';'00980'
'FI1B1';'00990'
'FI1B1';'01120'
'FI1B1';'01150'
'FI1B1';'01180'
'FI1B1';'01190'
'FI1B1';'01200'
'FI1B1';'01230'
'FI1B1';'01260'
'FI1B1';'01280'
'FI1B1';'01380'
'FI1B1';'01640'
'FI1B1';'01300'
'FI1B1';'01340'
'FI1B1';'01350'
'FI1B1';'01360'
'FI1B1';'01370'
'FI1B1';'01390'
'FI1B1';'01400'
'FI1B1';'01420'
'FI1B1';'01490'
'FI1B1';'01770'
'FI1B1';'01450'
'FI1B1';'01480'
'FI1B1';'01630'
'FI1B1';'01510'
'FI1B1';'01520'
'FI1B1';'01530'
'FI1B1';'01600'
'FI1B1';'01610'
'FI1B1';'01620'
'FI1B1';'01650'
'FI1B1';'01660'
'FI1B1';'01670'
'FI1B1';'01680'
'FI1B1';'01690'
'FI1B1';'01700'
'FI1B1';'01710'
'FI1B1';'01720'
'FI1B1';'01730'
'FI1B1';'01740'
'FI1B1';'01750'
'FI1B1';'01760'
'FI1B1';'01800'
'FI1B1';'01810'
'FI1B1';'01820'
'FI1B1';'02110'
'FI1B1';'01830'
'FI1B1';'01840'
'FI1B1';'01860'
'FI1B1';'02120'
'FI1B1';'01900'
'FI1B1';'01940'
'FI1B1';'02100'
'FI1B1';'02130'
'FI1B1';'02140'
'FI1B1';'02150'
'FI1B1';'02250'
'FI1B1';'02160'
'FI1B1';'02660'
'FI1B1';'02170'
'FI1B1';'02180'
'FI1B1';'02200'
'FI1B1';'02210'
'FI1B1';'02230'
'FI1B1';'02240'
'FI1B1';'02260'
'FI1B1';'02270'
'FI1B1';'02280'
'FI1B1';'02290'
'FI1B1';'02300'
'FI1B1';'07910'
'FI1B1';'02320'
'FI1B1';'02330'
'FI1B1';'02340'
'FI1B1';'02430'
'FI1B1';'07690'
'FI1B1';'02360'
'FI1B1';'02380'
'FI1B1';'02440'
'FI1B1';'02390'
'FI1B1';'02400'
'FI1B1';'02410'
'FI1B1';'02420'
'FI1B1';'02450'
'FI1B1';'02460'
'FI1B1';'02470'
'FI1B1';'02480'
'FI1B1';'02580'
'FI200';'22430'
'FI1B1';'02490'
'FI1B1';'02510'
'FI1B1';'02590'
'FI200';'22520'
'FI1B1';'02520'
'FI1B1';'02540'
'FI1B1';'02550'
'FI1B1';'02570'
'FI1B1';'02600'
'FI1B1';'02610'
'FI1B1';'02620'
'FI1B1';'02630'
'FI1B1';'02650'
'FI200';'22530'
'FI1B1';'02680'
'FI1B1';'02700'
'FI1B1';'02710'
'FI200';'22550'
'FI1B1';'02720'
'FI1B1';'02730'
'FI1B1';'02740'
'FI1B1';'02750'
'FI1B1';'02760'
'FI200';'22610'
'FI1B1';'02770'
'FI1B1';'02780'
'FI1B1';'02810'
'FI1B1';'02820'
'FI1B1';'02860'
'FI1B1';'02880'
'FI1B1';'02920'
'FI1B1';'04150'
'FI1B1';'02940'
'FI1B1';'02970'
'FI1B1';'02980'
'FI1B1';'04320'
'FI1B1';'03100'
'FI1B1';'03150'
'FI1B1';'03600'
'FI1B1';'03220'
'FI1B1';'03250'
'FI1B1';'03620'
'FI1B1';'03300'
'FI1B1';'03320'
'FI1B1';'03710'
'FI1B1';'03790'
'FI200';'22630'
'FI1B1';'03400'
'FI1B1';'03430'
'FI1B1';'03810'
'FI200';'22710'
'FI1B1';'03850'
'FI1B1';'03870'
'FI1B1';'04130'
'FI1B1';'04530'
'FI1B1';'04170'
'FI1B1';'04200'
'FI1B1';'04330'
'FI200';'22720'
'FI1B1';'04220'
'FI1B1';'04230'
'FI1B1';'04340'
'FI200';'22730'
'FI1B1';'04240'
'FI1B1';'04250'
'FI1B1';'04260'
'FI1B1';'04350'
'FI1B1';'04300'
'FI1B1';'04310'
'FI1B1';'04680'
'FI1B1';'04360'
'FI1B1';'04370'
'FI1B1';'04380'
'FI1B1';'04390'
'FI200';'22810'
'FI1B1';'04400'
'FI1B1';'04410'
'FI1B1';'04420'
'FI1B1';'04480'
'FI1B1';'04430'
'FI1B1';'04440'
'FI1B1';'04460'
'FI1B1';'04500'
'FI1B1';'04600'
'FI1B1';'04620'
'FI1B1';'04630'
'FI1B1';'04660'
'FI200';'22820'
'FI1B1';'04740'
'FI1B1';'04770'
'FI1B1';'04820'
'FI1B1';'04840'
'FI1B1';'04920'
'FI1B1';'04940'
'FI1B1';'05100'
'FI1B1';'05200'
'FI1B1';'05250'
'FI1B1';'05400'
'FI1B1';'05430'
'FI200';'22830'
'FI1B1';'05450'
'FI1B1';'05460'
'FI1B1';'05470'
'FI1B1';'05510'
'FI1B1';'05620'
'FI200';'22840'
'FI1B1';'05720'
'FI1B1';'05800'
'FI1B1';'05810'
'FI1B1';'05820'
'FI1B1';'05830'
'FI1B1';'05840'
'FI1B1';'05850'
'FI1B1';'05860'
'FI1B1';'05880'
'FI1B1';'05900'
'FI1B1';'05950'
'FI1B1';'06100'
'FI1B1';'06150'
'FI1B1';'06200'
'FI1B1';'06500'
'FI1B1';'06530'
'FI200';'22910'
'FI1B1';'06400'
'FI1B1';'06450'
'FI1B1';'07150'
'FI1B1';'06650'
'FI1B1';'06830'
'FI1B1';'07170'
'FI1B1';'07800'
'FI1B1';'06750'
'FI1B1';'07360'
'FI1B1';'06850'
'FI1B1';'06880'
'FI1B1';'06950'
'FI1B1';'07110'
'FI1B1';'07130'
'FI1B1';'07190'
'FI1B1';'07220'
'FI1B1';'07230'
'FI1B1';'07280'
'FI1B1';'07310'
'FI1B1';'07320'
'FI1B1';'07350'
'FI1B1';'07410'
'FI1B1';'07510'
'FI1B1';'07530'
'FI1B1';'07450'
'FI1B1';'07500'
'FI1B1';'07550'
'FI1B1';'07560'
'FI1B1';'07565'
'FI1B1';'07580'
'FI1B1';'07590'
'FI1B1';'07600'
'FI1B1';'07680'
'FI1B1';'07700'
'FI1B1';'07720'
'FI1B1';'07740'
'FI1B1';'07750'
'FI1B1';'07780'
'FI1B1';'07810'
'FI1B1';'07820'
'FI1B1';'07830'
'FI1B1';'07840'
'FI1B1';'07850'
'FI1B1';'07870'
'FI1B1';'07880'
'FI1B1';'07890'
'FI1B1';'07920'
'FI1B1';'07930'
'FI1B1';'07940'
'FI1B1';'07945'
'FI200';'22920'
'FI1B1';'07955'
'FI1B1';'07960'
'FI1B1';'07970'
'FI1B1';'07980'
'FI1B1';'07990'
'FI1C2';'12210'
'FI1B1';'08100'
'FI1B1';'08150'
'FI1B1';'08200'
'FI1B1';'10480'
'FI1B1';'08350'
'FI1B1';'08360'
'FI1B1';'08450'
'FI1B1';'08480'
'FI1B1';'08500'
'FI1B1';'08680'
'FI1B1';'08700'
'FI1B1';'08800'
'FI1B1';'10520'
'FI1B1';'09120'
'FI1B1';'09220'
'FI1B1';'09430'
'FI1B1';'09520'
'FI1B1';'09630'
'FI1B1';'09810'
'FI1B1';'09930'
'FI1B1';'10120'
'FI1B1';'10570'
'FI1B1';'10140'
'FI1B1';'10160'
'FI1B1';'10210'
'FI1B1';'10230'
'FI1B1';'10250'
'FI1B1';'10270'
'FI1B1';'10330'
'FI1B1';'10350'
'FI1B1';'10600'
'FI1B1';'10300'
'FI1B1';'10320'
'FI1C2';'12520'
'FI1B1';'10360'
'FI1B1';'10380'
'FI1B1';'10410'
'FI1B1';'10440'
'FI1B1';'10470'
'FI1C6';'16710'
'FI1B1';'10420'
'FI200';'22930'
'FI1B1';'10620'
'FI1B1';'10640'
'FI1C2';'11130'
'FI1B1';'10650'
'FI1B1';'10940'
'FI1B1';'10660'
'FI1C2';'11120'
'FI1B1';'10680'
'FI1B1';'10710'
'FI1B1';'10820'
'FI1B1';'10900'
'FI200';'22940'
'FI1B1';'10960'
'FI1C2';'11100'
'FI1C2';'11310'
'FI1C2';'11710'
'FI1C2';'11910'
'FI1C2';'12100'
'FI1C2';'12130'
'FI1C2';'12170'
'FI1C2';'12240'
'FI1C2';'12310'
'FI1C2';'12350'
'FI1C2';'12380'
'FI1C2';'12400'
'FI1C2';'12450'
'FI1C2';'12540'
'FI1C2';'12600'
'FI1C2';'12630'
'FI1C2';'12640'
'FI200';'22950'
'FI1C2';'12700'
'FI1C2';'12750'
'FI1C2';'12820'
'FI1C2';'12920'
'FI1C2';'12950'
'FI19A';'66710'
'FI1C2';'13100'
'FI1C2';'13110'
'FI1C2';'13130'
'FI1C2';'13200'
'FI1C2';'13210'
'FI1C6';'16320'
'FI1C2';'13220'
'FI1C2';'13250'
'FI1C2';'13270'
'FI1C2';'13300'
'FI1C2';'13330'
'FI1C2';'13430'
'FI1C2';'13500'
'FI1C2';'13530'
'FI1C2';'13600'
'FI1C2';'13700'
'FI1C2';'13720'
'FI19A';'66730'
'FI1C2';'13800'
'FI1C2';'13880'
'FI1C2';'13900'
'FI1C2';'14140'
'FI1C2';'14200'
'FI1C2';'14240'
'FI1C2';'14300'
'FI1C2';'14430'
'FI1C2';'14450'
'FI1C2';'14680'
'FI1C2';'14500'
'FI1C2';'14530'
'FI1C2';'14610'
'FI1C2';'14620'
'FI1C6';'15520'
'FI1C2';'14690'
'FI1C2';'14700'
'FI1C2';'14770'
'FI1C2';'14810'
'FI1C2';'14820'
'FI1C2';'14840'
'FI1C2';'14870'
'FI1C2';'14930'
'FI19B';'14960'
'FI19B';'14980'
'FI1C6';'15100'
'FI1C6';'15110'
'FI1C6';'15140'
'FI1C6';'15150'
'FI1C6';'15160'
'FI1C6';'15170'
'FI1C6';'15200'
'FI1C6';'15210'
'FI1C6';'15230'
'FI1C6';'15240'
'FI1C6';'15270'
'FI1C6';'15300'
'FI1C6';'15540'
'FI1C6';'15320'
'FI1C6';'15340'
'FI1C6';'15460'
'FI1C6';'15500'
'FI19A';'66800'
'FI1C6';'15550'
'FI1C6';'15560'
'FI1C6';'15580'
'FI1C6';'15610'
'FI1C6';'15680'
'FI1DC';'81470'
'FI1C6';'15700'
'FI1C6';'15800'
'FI1C6';'15810'
'FI1C6';'15820'
'FI1C6';'15830'
'FI1C6';'15840'
'FI1C1';'20730'
'FI1C6';'15850'
'FI1C6';'15860'
'FI1C6';'15870'
'FI1C6';'15880'
'FI1C6';'15900'
'FI1C6';'16310'
'FI1C6';'15950'
'FI1C6';'15980'
'FI1C6';'16100'
'FI1C6';'16160'
'FI1C6';'16200'
'FI1C6';'16330'
'FI1C6';'16230'
'FI1C6';'16260'
'FI1C6';'16270'
'FI1C6';'16280'
'FI1C6';'16300'
'FI1D7';'94100'
'FI1C6';'16350'
'FI1C6';'16390'
'FI1C6';'16450'
'FI1C6';'16500'
'FI1C6';'16510'
'FI19B';'34970'
'FI1C6';'16540'
'FI1C6';'16600'
'FI1C6';'16610'
'FI1C6';'16630'
'FI1C6';'16670'
'FI1C6';'16730'
'FI1C6';'16790'
'FI1C6';'16800'
'FI1C6';'17120'
'FI1C6';'17130'
'FI1C2';'16900'
'FI1C2';'16960'
'FI1C2';'16970'
'FI1C6';'17110'
'FI1C6';'17710'
'FI1C6';'17150'
'FI1C6';'17200'
'FI1C6';'17220'
'FI1C6';'17240'
'FI1C6';'17320'
'FI1C6';'17410'
'FI1C6';'17430'
'FI1C6';'17440'
'FI1C6';'17450'
'FI1C6';'17470'
'FI1C6';'17500'
'FI1C6';'17510'
'FI1C6';'17530'
'FI1C6';'17610'
'FI1C6';'17630'
'FI1C6';'17740'
'FI19B';'17780'
'FI19B';'17800'
'FI19B';'17840'
'FI19B';'17850'
'FI19B';'17870'
'FI19B';'17930'
'FI19B';'17950'
'FI19B';'17970'
'FI1C6';'18200'
'FI196';'29310'
'FI1C6';'18100'
'FI1C6';'18120'
'FI1C6';'18130'
'FI1C6';'18150'
'FI1C6';'18300'
'FI1C6';'18600'
'FI1C6';'19110'
'FI1C6';'19120'
'FI1C6';'19310'
'FI1C6';'19160'
'FI1C6';'19210'
'FI1C6';'19230'
'FI1C6';'19250'
'FI1C6';'19260'
'FI1C6';'19320'
'FI1C6';'19370'
'FI1DA';'19410'
'FI1C6';'19420'
'FI1DA';'19430'
'FI1DA';'19460'
'FI1DA';'19470'
'FI1DA';'19480'
'FI1C6';'19510'
'FI1C6';'19540'
'FI1C6';'19600'
'FI1C6';'19610'
'FI1C6';'19620'
'FI1C6';'19630'
'FI1C6';'19740'
'FI198';'19650'
'FI198';'19670'
'FI1C6';'19700'
'FI1C6';'19730'
'FI1C6';'19770'
'FI1C6';'19850'
'FI198';'19910'
'FI198';'19920'
'FI198';'19950'
'FI1C1';'20100'
'FI1D7';'99885'
'FI1C1';'20200'
'FI1C1';'20210'
'FI1C1';'20300'
'FI1C1';'20240'
'FI1C1';'20250'
'FI198';'41750'
'FI1C1';'20320'
'FI1C1';'20360'
'FI1C1';'20720'
'FI1C1';'20380'
'FI1C1';'20400'
'FI1C1';'20460'
'FI1C1';'20500'
'FI1C1';'20520'
'FI1C1';'20540'
'FI1C1';'20610'
'FI1C1';'20660'
'FI1C1';'20700'
'FI1C1';'20740'
'FI1C1';'20750'
'FI1C1';'20760'
'FI1C1';'20780'
'FI1C1';'20800'
'FI1C1';'20810'
'FI196';'27740'
'FI1C1';'20880'
'FI1C1';'20900'
'FI1C1';'20960'
'FI1C1';'21100'
'FI1C1';'21110'
'FI1C1';'21880'
'FI1C1';'21120'
'FI1C1';'21130'
'FI1C1';'21140'
'FI1C1';'21150'
'FI1C1';'21160'
'FI1C1';'21180'
'FI1C1';'21195'
'FI1C1';'21260'
'FI1C1';'21200'
'FI1C1';'21210'
'FI1C1';'21220'
'FI1C1';'21230'
'FI1C1';'21240'
'FI1C1';'21250'
'FI1C1';'21610'
'FI1C1';'21270'
'FI1C1';'21280'
'FI1C1';'21290'
'FI1C1';'21310'
'FI1C1';'21330'
'FI1C1';'21340'
'FI1C1';'21350'
'FI1C1';'21360'
'FI1C1';'21370'
'FI1C1';'21380'
'FI1C1';'21410'
'FI1C1';'21420'
'FI1C1';'21620'
'FI1C1';'21630'
'FI1C1';'21650'
'FI1C1';'21430'
'FI1C1';'21450'
'FI1C1';'21480'
'FI1C1';'21490'
'FI1C1';'21500'
'FI1C1';'21660'
'FI1C1';'21510'
'FI1C1';'21520'
'FI1C1';'21670'
'FI1C1';'21680'
'FI1C1';'21710'
'FI1D8';'89330'
'FI1C1';'21530'
'FI1C1';'21540'
'FI1C1';'21555'
'FI1C1';'21560'
'FI1C1';'21570'
'FI1C1';'21590'
'FI1C1';'21600'
'FI1C1';'21720'
'FI1C1';'21740'
'FI1C1';'21750'
'FI1C1';'21760'
'FI1C1';'21770'
'FI1C1';'21890'
'FI1C1';'21800'
'FI1C1';'21820'
'FI1C1';'21840'
'FI1C1';'21860'
'FI1C1';'21870'
'FI1C1';'21900'
'FI1C1';'21930'
'FI200';'22140'
'FI200';'22150'
'FI200';'22160'
'FI200';'22220'
'FI200';'22240'
'FI200';'22270'
'FI200';'22310'
'FI200';'22320'
'FI200';'22100'
'FI200';'22330'
'FI200';'22340'
'FI200';'22410'
'FI200';'22120'
'FI200';'22130'
'FI1C1';'23100'
'FI1C1';'23120'
'FI1C1';'23200'
'FI1C1';'23140'
'FI1C1';'23390'
'FI1C1';'23450'
'FI1C1';'23210'
'FI1C1';'23500'
'FI1C1';'23600'
'FI1C1';'23660'
'FI1C1';'24910'
'FI1C1';'23260'
'FI1C1';'23310'
'FI1C1';'23360'
'FI1C1';'23800'
'FI1C1';'23840'
'FI1C1';'23880'
'FI1C1';'23930'
'FI1C1';'24260'
'FI1C1';'25230'
'FI1C1';'23950'
'FI1C1';'24280'
'FI1C1';'23960'
'FI1B1';'25560'
'FI1C1';'24100'
'FI1C1';'24800'
'FI1C1';'24130'
'FI1C1';'24240'
'FI1C1';'25110'
'FI1C1';'25130'
'FI1C1';'25160'
'FI1C1';'25170'
'FI1C1';'25180'
'FI1C1';'25240'
'FI1C1';'25190'
'FI1C1';'25250'
'FI1C1';'25260'
'FI1C1';'25320'
'FI1C1';'25330'
'FI1C1';'25860'
'FI1C1';'25870'
'FI1C1';'25210'
'FI1C1';'25340'
'FI1C1';'25360'
'FI1C1';'25370'
'FI1C1';'25380'
'FI1C1';'25550'
'FI1C1';'25900'
'FI1C1';'25390'
'FI1C1';'25410'
'FI1C1';'25420'
'FI1C1';'25430'
'FI1C1';'25910'
'FI1C1';'25460'
'FI1C1';'25470'
'FI1C1';'25500'
'FI1C1';'25520'
'FI1C1';'25540'
'FI1C1';'25570'
'FI1C1';'25610'
'FI1C1';'25630'
'FI1C1';'25640'
'FI1C1';'25650'
'FI1C1';'25930'
'FI1C1';'25940'
'FI1C1';'25660'
'FI1C1';'25700'
'FI1C1';'25950'
'FI1C1';'25960'
'FI196';'26100'
'FI196';'26200'
'FI196';'26410'
'FI196';'27910'
'FI1C1';'25710'
'FI1C1';'25730'
'FI1C1';'25760'
'FI1C1';'25810'
'FI196';'27130'
'FI1C1';'25820'
'FI1C1';'25830'
'FI1C1';'25840'
'FI196';'26510'
'FI196';'26560'
'FI196';'26660'
'FI196';'26720'
'FI196';'26740'
'FI196';'26820'
'FI196';'26840'
'FI196';'27150'
'FI196';'26910'
'FI196';'26930'
'FI196';'26950'
'FI196';'27230'
'FI196';'27250'
'FI196';'27100'
'FI196';'27110'
'FI196';'27920'
'FI196';'27160'
'FI196';'27170'
'FI196';'27220'
'FI196';'27260'
'FI196';'27310'
'FI1C1';'27320'
'FI1C1';'27340'
'FI196';'27400'
'FI196';'27420'
'FI19A';'66810'
'FI196';'27430'
'FI196';'27450'
'FI196';'27500'
'FI196';'27510'
'FI196';'27600'
'FI196';'27640'
'FI196';'27650'
'FI196';'27670'
'FI196';'27710'
'FI196';'27730'
'FI1D8';'89680'
'FI196';'27750'
'FI196';'27800'
'FI196';'27820'
'FI196';'27840'
'FI196';'27860'
'FI196';'28100'
'FI196';'28120'
'FI196';'28130'
'FI196';'28190'
'FI196';'28200'
'FI1C1';'32260'
'FI196';'28220'
'FI196';'28240'
'FI196';'28260'
'FI196';'28300'
'FI196';'28330'
'FI196';'28360'
'FI196';'28370'
'FI196';'28400'
'FI19B';'33500'
'FI196';'28430'
'FI196';'28450'
'FI196';'28500'
'FI196';'28540'
'FI196';'28560'
'FI196';'28580'
'FI196';'28600'
'FI196';'28610'
'FI196';'28660'
'FI196';'29180'
'FI196';'29320'
'FI196';'28760'
'FI196';'28840'
'FI196';'28800'
'FI196';'28880'
'FI196';'28900'
'FI196';'29100'
'FI1DB';'72490'
'FI196';'29200'
'FI196';'29250'
'FI196';'29270'
'FI196';'29280'
'FI196';'29340'
'FI196';'29350'
'FI196';'29570'
'FI196';'29600'
'FI1C2';'30300'
'FI196';'29630'
'FI196';'29640'
'FI196';'29680'
'FI196';'29700'
'FI196';'29720'
'FI196';'29740'
'FI19B';'33520'
'FI196';'29750'
'FI196';'29760'
'FI196';'29790'
'FI196';'29810'
'FI196';'29830'
'FI196';'29860'
'FI196';'29880'
'FI196';'29900'
'FI196';'29940'
'FI1C2';'30100'
'FI1C2';'30420'
'FI1C2';'31110'
'FI1C2';'31130'
'FI19B';'31140'
'FI19B';'31160'
'FI1DC';'81560'
'FI1C2';'31170'
'FI1C2';'31230'
'FI1C2';'31250'
'FI1C2';'31300'
'FI1C2';'31310'
'FI1C2';'31340'
'FI1C2';'31350'
'FI1C2';'31370'
'FI1C2';'31380'
'FI1C1';'31460'
'FI1C1';'31400'
'FI1C1';'31410'
'FI1C1';'31450'
'FI1C2';'31630'
'FI1C1';'31470'
'FI1C1';'31490'
'FI1C1';'31500'
'FI19B';'31730'
'FI1C1';'31520'
'FI1C1';'31530'
'FI1C2';'31600'
'FI1C2';'31610'
'FI1C2';'31620'
'FI1C2';'31640'
'FI1C2';'31650'
'FI19B';'31700'
'FI19B';'31720'
'FI1D8';'89730'
'FI19B';'31750'
'FI19B';'31760'
'FI19B';'31810'
'FI19B';'31830'
'FI19B';'31850'
'FI1C1';'32250'
'FI19B';'31860'
'FI19B';'31900'
'FI19B';'31930'
'FI19B';'31950'
'FI1C1';'31960'
'FI19B';'31970'
'FI1D7';'99195'
'FI1C2';'32100'
'FI1C2';'32140'
'FI1C1';'32200'
'FI1C1';'32210'
'FI19B';'34740'
'FI1C1';'32270'
'FI1C1';'32280'
'FI1C1';'32300'
'FI1C1';'32410'
'FI1C1';'32430'
'FI196';'32610'
'FI1C1';'32440'
'FI196';'32450'
'FI1C1';'32500'
'FI1C1';'32520'
'FI1C1';'32560'
'FI196';'32620'
'FI196';'32700'
'FI196';'32710'
'FI19B';'32730'
'FI19B';'32740'
'FI196';'32760'
'FI196';'32770'
'FI196';'32830'
'FI196';'32860'
'FI196';'32800'
'FI196';'32810'
'FI196';'32910'
'FI196';'32920'
'FI19B';'33100'
'FI19B';'33180'
'FI19B';'33200'
'FI19B';'33210'
'FI19B';'33230'
'FI19B';'33240'
'FI19B';'33250'
'FI19B';'33270'
'FI19B';'33300'
'FI19B';'33310'
'FI19B';'33330'
'FI19B';'33340'
'FI19B';'33380'
'FI19B';'33400'
'FI19B';'33410'
'FI19B';'33420'
'FI1D8';'89740'
'FI19B';'33430'
'FI19B';'33450'
'FI19B';'33470'
'FI19B';'33480'
'FI1D9';'92830'
'FI19B';'33530'
'FI19B';'33540'
'FI19B';'33560'
'FI19B';'33580'
'FI19B';'33610'
'FI19B';'33680'
'FI19B';'33700'
'FI19B';'33710'
'FI19B';'33720'
'FI19B';'33730'
'FI19B';'33800'
'FI19B';'33820'
'FI19B';'33840'
'FI19B';'33850'
'FI19B';'33870'
'FI19B';'33880'
'FI19B';'33900'
'FI19B';'33920'
'FI19B';'33950'
'FI19B';'33960'
'FI19B';'33980'
'FI19B';'34110'
'FI19B';'34130'
'FI19B';'34140'
'FI19B';'34150'
'FI19B';'34180'
'FI19B';'34240'
'FI1D9';'91790'
'FI19B';'34260'
'FI19B';'34270'
'FI19B';'34300'
'FI19B';'34320'
'FI19B';'34330'
'FI19B';'34410'
'FI19B';'34420'
'FI19B';'34430'
'FI19B';'34450'
'FI19B';'34510'
'FI19B';'34530'
'FI19B';'34950'
'FI19B';'34550'
'FI19B';'34600'
'FI19B';'34640'
'FI19B';'34710'
'FI19B';'34730'
'FI19B';'34770'
'FI19B';'34800'
'FI19B';'34870'
'FI19B';'34910'
'FI19B';'34930'
'FI19B';'34980'
'FI19B';'35100'
'FI19B';'35220'
'FI19B';'35240'
'FI19B';'35260'
'FI19B';'35270'
'FI19B';'35300'
'FI19B';'35320'
'FI198';'35400'
'FI19B';'35420'
'FI19B';'35480'
'FI19B';'35500'
'FI19B';'35520'
'FI19B';'35530'
'FI19B';'35540'
'FI19B';'35550'
'FI198';'35600'
'FI198';'35610'
'FI198';'35630'
'FI19B';'36270'
'FI19B';'35700'
'FI19B';'35740'
'FI19B';'35750'
'FI19B';'35800'
'FI19B';'36280'
'FI198';'35820'
'FI19B';'35990'
'FI19B';'36100'
'FI19B';'36110'
'FI19B';'36120'
'FI1D7';'99230'
'FI19B';'36200'
'FI19B';'36220'
'FI19B';'36240'
'FI1C2';'37740'
'FI19B';'36340'
'FI19B';'36420'
'FI19B';'36430'
'FI19B';'36450'
'FI19B';'36520'
'FI19B';'36570'
'FI19B';'36600'
'FI19B';'36640'
'FI19B';'36660'
'FI19B';'36720'
'FI19B';'36760'
'FI19B';'36810'
'FI19B';'36840'
'FI19B';'36880'
'FI19B';'36910'
'FI19B';'36930'
'FI19B';'37100'
'FI19B';'37120'
'FI19B';'37130'
'FI19B';'37140'
'FI19B';'37150'
'FI19B';'37180'
'FI19B';'37200'
'FI19B';'37210'
'FI19B';'37240'
'FI19B';'37310'
'FI19B';'37350'
'FI19B';'37370'
'FI19B';'37380'
'FI19B';'37420'
'FI19B';'37470'
'FI19B';'37560'
'FI19B';'39195'
'FI19B';'37500'
'FI19B';'37530'
'FI19B';'37550'
'FI1C7';'49780'
'FI19B';'37570'
'FI19B';'37600'
'FI19B';'37630'
'FI19B';'37700'
'FI19B';'37720'
'FI19B';'37770'
'FI19B';'37800'
'FI19B';'37830'
'FI19B';'37850'
'FI19B';'37860'
'FI19B';'37900'
'FI19B';'37910'
'FI19B';'37960'
'FI19B';'38100'
'FI19B';'38120'
'FI19B';'38130'
'FI19B';'38140'
'FI19B';'38200'
'FI19B';'38280'
'FI1C7';'49840'
'FI19B';'38210'
'FI19B';'38220'
'FI19B';'38250'
'FI19B';'38270'
'FI1C7';'49860'
'FI19B';'38300'
'FI19B';'38360'
'FI19B';'38420'
'FI19B';'38460'
'FI19B';'38470'
'FI19B';'38490'
'FI19B';'38510'
'FI196';'38600'
'FI196';'38650'
'FI196';'38670'
'FI1C7';'49900'
'FI196';'38680'
'FI196';'38700'
'FI196';'38710'
'FI196';'38720'
'FI196';'38740'
'FI196';'38750'
'FI196';'38760'
'FI19B';'39170'
'FI196';'38770'
'FI196';'38800'
'FI196';'38840'
'FI196';'38860'
'FI19B';'39150'
'FI196';'38910'
'FI196';'38920'
'FI196';'38950'
'FI196';'38970'
'FI19B';'39160'
'FI19B';'39100'
'FI19B';'39110'
'FI19B';'39130'
'FI19B';'39180'
'FI19B';'39200'
'FI19B';'39230'
'FI19B';'39290'
'FI19B';'39310'
'FI1C7';'49930'
'FI19B';'39340'
'FI19B';'39360'
'FI19B';'39380'
'FI19B';'39410'
'FI19B';'39430'
'FI19B';'39450'
'FI19B';'39500'
'FI19B';'39530'
'FI19B';'39580'
'FI19B';'39590'
'FI19B';'39610'
'FI19B';'39620'
'FI19B';'39660'
'FI19B';'39700'
'FI198';'41980'
'FI19B';'39750'
'FI19B';'39770'
'FI19B';'39780'
'FI19B';'39810'
'FI19B';'39820'
'FI1DA';'50520'
'FI19B';'39880'
'FI196';'39920'
'FI196';'39930'
'FI196';'39940'
'FI196';'39960'
'FI196';'39965'
'FI196';'39980'
'FI196';'39990'
'FI198';'40100'
'FI198';'40600'
'FI198';'40200'
'FI198';'40250'
'FI198';'40270'
'FI198';'40620'
'FI198';'40320'
'FI198';'40340'
'FI198';'40400'
'FI198';'41210'
'FI198';'40420'
'FI198';'40500'
'FI198';'40520'
'FI198';'40530'
'FI198';'42720'
'FI198';'40630'
'FI198';'40640'
'FI198';'40660'
'FI198';'40700'
'FI198';'40720'
'FI198';'41290'
'FI198';'40740'
'FI198';'40800'
'FI198';'40820'
'FI198';'40900'
'FI1D5';'69660'
'FI198';'40930'
'FI198';'40950'
'FI198';'41120'
'FI198';'41140'
'FI198';'41160'
'FI198';'41180'
'FI198';'41220'
'FI198';'41230'
'FI198';'41240'
'FI198';'41260'
'FI198';'41270'
'FI198';'41310'
'FI198';'41325'
'FI198';'41330'
'FI198';'41340'
'FI1DA';'58220'
'FI198';'41350'
'FI198';'41360'
'FI198';'41370'
'FI198';'41390'
'FI198';'41550'
'FI198';'41400'
'FI198';'41410'
'FI198';'41440'
'FI198';'41450'
'FI198';'41490'
'FI198';'41500'
'FI198';'41520'
'FI198';'41530'
'FI198';'41540'
'FI198';'41730'
'FI198';'41560'
'FI198';'41580'
'FI198';'41630'
'FI198';'41660'
'FI198';'41710'
'FI198';'41770'
'FI198';'41800'
'FI198';'41820'
'FI1D7';'99240'
'FI198';'41840'
'FI198';'41860'
'FI198';'41870'
'FI198';'41880'
'FI198';'41900'
'FI198';'41920'
'FI198';'41925'
'FI198';'41930'
'FI198';'41940'
'FI198';'41970'
'FI198';'42100'
'FI198';'42140'
'FI198';'42220'
'FI198';'43430'
'FI198';'42300'
'FI198';'42330'
'FI198';'42440'
'FI198';'42520'
'FI198';'42560'
'FI198';'42600'
'FI198';'42660'
'FI198';'42700'
'FI198';'42800'
'FI198';'42820'
'FI19B';'42830'
'FI19B';'42840'
'FI19B';'42850'
'FI1D5';'69910'
'FI19B';'42870'
'FI198';'42910'
'FI198';'42930'
'FI198';'43100'
'FI198';'43130'
'FI198';'43170'
'FI198';'43220'
'FI198';'43240'
'FI198';'43250'
'FI198';'43520'
'FI198';'43270'
'FI198';'43300'
'FI198';'43340'
'FI198';'43390'
'FI198';'43420'
'FI198';'43440'
'FI198';'43480'
'FI198';'43490'
'FI198';'43500'
'FI198';'43540'
'FI198';'43560'
'FI198';'43610'
'FI198';'43640'
'FI198';'43660'
'FI198';'43700'
'FI198';'43720'
'FI198';'43800'
'FI198';'43840'
'FI198';'43900'
'FI198';'43940'
'FI198';'43960'
'FI198';'44100'
'FI198';'44120'
'FI198';'44220'
'FI198';'44150'
'FI198';'44160'
'FI198';'44170'
'FI198';'44190'
'FI198';'44200'
'FI1D7';'96960'
'FI198';'44250'
'FI198';'44260'
'FI198';'44280'
'FI198';'44300'
'FI198';'44320'
'FI198';'44330'
'FI198';'44350'
'FI198';'44370'
'FI198';'44400'
'FI198';'44420'
'FI198';'44440'
'FI198';'44460'
'FI198';'44480'
'FI198';'44500'
'FI199';'62990'
'FI198';'44530'
'FI198';'44580'
'FI198';'44590'
'FI198';'44610'
'FI198';'44630'
'FI198';'44640'
'FI198';'44670'
'FI198';'44680'
'FI198';'44730'
'FI198';'44740'
'FI198';'44760'
'FI198';'44770'
'FI198';'44790'
'FI198';'44800'
'FI198';'44860'
'FI198';'44880'
'FI198';'44910'
'FI198';'44920'
'FI198';'44950'
'FI198';'44970'
'FI1C7';'45130'
'FI1C7';'45150'
'FI1C7';'45100'
'FI1C7';'45120'
'FI1C7';'49270'
'FI1C7';'45160'
'FI1C7';'45200'
'FI1C7';'45330'
'FI1C7';'45360'
'FI1C7';'45370'
'FI1C7';'45410'
'FI1C7';'45460'
'FI1C7';'45610'
'FI1C7';'45700'
'FI1C7';'45720'
'FI1C7';'45740'
'FI1C7';'45750'
'FI1C7';'45810'
'FI1C7';'45910'
'FI1C7';'45940'
'FI1D7';'95675'
'FI1C7';'46110'
'FI1C7';'46140'
'FI1C7';'46230'
'FI1C7';'46400'
'FI1C7';'46430'
'FI1C7';'46450'
'FI1C5';'46530'
'FI1C7';'46570'
'FI1C7';'46710'
'FI1C7';'46730'
'FI1C7';'46750'
'FI1C7';'46800'
'FI1C7';'46810'
'FI1C7';'46860'
'FI1C7';'46900'
'FI1C7';'46910'
'FI1C7';'46930'
'FI1C7';'46950'
'FI1C7';'46960'
'FI1C7';'47110'
'FI1C7';'47150'
'FI1C7';'47200'
'FI1C7';'47260'
'FI1C6';'47310'
'FI1B1';'47350'
'FI1C6';'47400'
'FI1C6';'47440'
'FI1C6';'47450'
'FI1C6';'47460'
'FI1C6';'47490'
'FI1C6';'47520'
'FI1C6';'47540'
'FI1C6';'47610'
'FI1C7';'47650'
'FI1C7';'47710'
'FI1C7';'49290'
'FI1C7';'47760'
'FI1C7';'47810'
'FI1C7';'47830'
'FI1C7';'47850'
'FI1C7';'47900'
'FI1C7';'47910'
'FI1C7';'48100'
'FI1C7';'48130'
'FI1C7';'48200'
'FI1D7';'95680'
'FI1C7';'48210'
'FI1C7';'48220'
'FI1C7';'48230'
'FI1C7';'48300'
'FI1C7';'48310'
'FI1C7';'48350'
'FI199';'63320'
'FI1C7';'48400'
'FI1C7';'48410'
'FI1C7';'48600'
'FI1C7';'48700'
'FI1C7';'48710'
'FI1C7';'48720'
'FI1C7';'48750'
'FI1C7';'48770'
'FI1C7';'48800'
'FI1C7';'49300'
'FI1C7';'49340'
'FI1C7';'49400'
'FI1C7';'48810'
'FI1C7';'49410'
'FI1C7';'49510'
'FI1C7';'48900'
'FI1C7';'49420'
'FI1C7';'48910'
'FI1C7';'49460'
'FI1C7';'49480'
'FI1C7';'49490'
'FI1C7';'49520'
'FI1C7';'48930'
'FI1C7';'49200'
'FI1C7';'49210'
'FI1C7';'49220'
'FI1C7';'49240'
'FI1C7';'49540'
'FI1C7';'49570'
'FI1C7';'49610'
'FI1C7';'49630'
'FI1C7';'49640'
'FI1C7';'49660'
'FI1C7';'49700'
'FI1C7';'49720'
'FI1C7';'49730'
'FI1C7';'49750'
'FI1C7';'49760'
'FI1C7';'49770'
'FI1C7';'49960'
'FI1C7';'49980'
'FI1DA';'50100'
'FI1DA';'58260'
'FI1DA';'50120'
'FI1DA';'50130'
'FI1DA';'50150'
'FI1DA';'50160'
'FI1DA';'50170'
'FI1DA';'50180'
'FI1DA';'50190'
'FI1DA';'50200'
'FI1DA';'50300'
'FI1DA';'50350'
'FI1DA';'50500'
'FI1DA';'50600'
'FI1DA';'50670'
'FI1DA';'50700'
'FI1DA';'50770'
'FI199';'63830'
'FI1DA';'50800'
'FI1DA';'50970'
'FI1DA';'51130'
'FI1DA';'51310'
'FI1DA';'51335'
'FI1DA';'51200'
'FI1DA';'51260'
'FI1DA';'51270'
'FI1C5';'53500'
'FI1DA';'51340'
'FI1DA';'51360'
'FI1DA';'51380'
'FI1DA';'51420'
'FI1DA';'51430'
'FI1C5';'53550'
'FI1DA';'51440'
'FI1DA';'51450'
'FI1DA';'51460'
'FI1DA';'51520'
'FI1DA';'51540'
'FI1D7';'97310'
'FI1DA';'51600'
'FI1DA';'51620'
'FI1DA';'51670'
'FI1DA';'51720'
'FI1DA';'51740'
'FI1D7';'99530'
'FI1DA';'51760'
'FI1DA';'51780'
'FI1DA';'51810'
'FI1DA';'51820'
'FI1DA';'51850'
'FI1DA';'51860'
'FI1DA';'51880'
'FI1DA';'51890'
'FI1DA';'51900'
'FI1DA';'51930'
'FI1DA';'52320'
'FI1DA';'51940'
'FI1DA';'51980'
'FI1DA';'52100'
'FI1DA';'52110'
'FI1DA';'52150'
'FI1DA';'52200'
'FI1DA';'52330'
'FI1DA';'52230'
'FI1DA';'52270'
'FI1DA';'52300'
'FI1DA';'52520'
'FI1DA';'52340'
'FI1DA';'52360'
'FI1DA';'52420'
'FI1DA';'52510'
'FI1DA';'52550'
'FI1DA';'52610'
'FI1DA';'52620'
'FI1DA';'52850'
'FI1DA';'52700'
'FI1DA';'52720'
'FI1DA';'52730'
'FI1C5';'54310'
'FI1DA';'52740'
'FI1DA';'52760'
'FI1DA';'52780'
'FI1DA';'52830'
'FI1DA';'52890'
'FI1C7';'52920'
'FI1DA';'52960'
'FI1DA';'52970'
'FI1DA';'52980'
'FI1C5';'53100'
'FI1C5';'53130'
'FI1C5';'53200'
'FI1C5';'53300'
'FI1C5';'53400'
'FI1C5';'53420'
'FI1C5';'53600'
'FI1C5';'53650'
'FI1C5';'53810'
'FI1C5';'53830'
'FI1C5';'54330'
'FI1C5';'54390'
'FI1C5';'53850'
'FI1C5';'53900'
'FI1C5';'53920'
'FI1C5';'53950'
'FI1C5';'54100'
'FI1C5';'54110'
'FI1C5';'54120'
'FI1C5';'54190'
'FI1C5';'54580'
'FI1C5';'54230'
'FI1C5';'54250'
'FI1C5';'54260'
'FI1C5';'54270'
'FI1C5';'54300'
'FI1C5';'54410'
'FI1C5';'54430'
'FI1C5';'54460'
'FI1C7';'54490'
'FI1DB';'71740'
'FI1C5';'54500'
'FI1C5';'54510'
'FI1C5';'54530'
'FI1C5';'54550'
'FI1C5';'54590'
'FI1C5';'54710'
'FI1C5';'54720'
'FI1C5';'54750'
'FI19A';'64440'
'FI1C5';'54770'
'FI1C5';'54800'
'FI1C5';'54820'
'FI1C5';'54850'
'FI1C5';'54915'
'FI1C5';'54920'
'FI1C5';'54930'
'FI1C5';'54940'
'FI1C5';'54950'
'FI1C5';'54960'
'FI1C5';'55100'
'FI1C5';'56120'
'FI1C5';'55120'
'FI1C5';'55300'
'FI1C5';'55320'
'FI1C5';'55330'
'FI1C5';'55400'
'FI1C5';'55420'
'FI1C5';'55510'
'FI1C5';'55610'
'FI1C5';'55700'
'FI19A';'64450'
'FI1C5';'55800'
'FI1C5';'55910'
'FI1C5';'56100'
'FI19A';'64530'
'FI1C5';'56140'
'FI1C5';'56210'
'FI1C5';'56310'
'FI1C5';'56330'
'FI1C5';'56350'
'FI1C5';'56410'
'FI1C5';'56440'
'FI1C5';'56510'
'FI1C5';'56550'
'FI1C5';'56610'
'FI1C5';'56640'
'FI19A';'64550'
'FI1C5';'56710'
'FI1C5';'56730'
'FI1DA';'57170'
'FI1C5';'56800'
'FI1DA';'57100'
'FI1DA';'57120'
'FI1DA';'57130'
'FI1DA';'57200'
'FI1DA';'57210'
'FI1DA';'57220'
'FI1DA';'57230'
'FI1DA';'57310'
'FI1DA';'57510'
'FI1DA';'57600'
'FI1DA';'57710'
'FI1DA';'57810'
'FI1DA';'58130'
'FI1DA';'58140'
'FI1DA';'58150'
'FI1DA';'58160'
'FI1DA';'58170'
'FI1DA';'58175'
'FI1DA';'58180'
'FI1DA';'58200'
'FI1DA';'58300'
'FI1DA';'58320'
'FI1DC';'58350'
'FI1DA';'58360'
'FI1DA';'58390'
'FI1DA';'58910'
'FI1DA';'58410'
'FI1DA';'58420'
'FI1DA';'58430'
'FI1DA';'58450'
'FI1C5';'59520'
'FI1DA';'58500'
'FI1DA';'58520'
'FI1DA';'58550'
'FI1DA';'58570'
'FI199';'64850'
'FI1DA';'58580'
'FI1DA';'58610'
'FI1DA';'58620'
'FI1DA';'58650'
'FI1DA';'58680'
'FI1DA';'58690'
'FI1DA';'58700'
'FI1DA';'58720'
'FI1DA';'58770'
'FI1DA';'58810'
'FI1DA';'58830'
'FI1DA';'58850'
'FI1DA';'58900'
'FI1DA';'58920'
'FI1DA';'58940'
'FI1C5';'59100'
'FI1C5';'59130'
'FI1C5';'59210'
'FI199';'60120'
'FI1C5';'59310'
'FI1C5';'59320'
'FI1C5';'59410'
'FI1C5';'59510'
'FI1C5';'59530'
'FI1C5';'59610'
'FI1C5';'59710'
'FI199';'62185'
'FI1C5';'59720'
'FI1C5';'59730'
'FI199';'60150'
'FI1DC';'59800'
'FI1DC';'59810'
'FI1DC';'59820'
'FI199';'60100'
'FI199';'60200'
'FI199';'60220'
'FI199';'60280'
'FI199';'60550'
'FI199';'60320'
'FI199';'60420'
'FI199';'60450'
'FI199';'60510'
'FI199';'60560'
'FI199';'60640'
'FI199';'60720'
'FI199';'60760'
'FI199';'61140'
'FI199';'60800'
'FI199';'61100'
'FI199';'61110'
'FI199';'61120'
'FI199';'61150'
'FI199';'61160'
'FI199';'61170'
'FI199';'61180'
'FI199';'61220'
'FI199';'61230'
'FI199';'61250'
'FI199';'61270'
'FI199';'61280'
'FI199';'61920'
'FI199';'61290'
'FI199';'61300'
'FI199';'61310'
'FI199';'61330'
'FI199';'61340'
'FI199';'61350'
'FI199';'61470'
'FI199';'61360'
'FI199';'61370'
'FI199';'61380'
'FI199';'61400'
'FI199';'61410'
'FI199';'61560'
'FI199';'62165'
'FI199';'61430'
'FI199';'61440'
'FI199';'61450'
'FI199';'61460'
'FI199';'61500'
'FI199';'61520'
'FI199';'61550'
'FI199';'61600'
'FI199';'61630'
'FI199';'61640'
'FI199';'62170'
'FI199';'61650'
'FI199';'61680'
'FI199';'61710'
'FI199';'61860'
'FI199';'61720'
'FI199';'61730'
'FI199';'61760'
'FI199';'61880'
'FI199';'61800'
'FI199';'61810'
'FI199';'61910'
'FI199';'61820'
'FI199';'61840'
'FI199';'61850'
'FI199';'61940'
'FI199';'61950'
'FI199';'61960'
'FI199';'61980'
'FI199';'62175'
'FI199';'62100'
'FI199';'62130'
'FI199';'62150'
'FI199';'62160'
'FI199';'62190'
'FI199';'62200'
'FI199';'62220'
'FI1DB';'71745'
'FI199';'62230'
'FI199';'62240'
'FI199';'62260'
'FI199';'62280'
'FI199';'62290'
'FI199';'62295'
'FI199';'62300'
'FI19A';'62395'
'FI1D7';'97815'
'FI199';'62310'
'FI199';'62340'
'FI19A';'62350'
'FI199';'62370'
'FI199';'62410'
'FI199';'62375'
'FI199';'62380'
'FI199';'62570'
'FI199';'62420'
'FI199';'62430'
'FI199';'62435'
'FI199';'62440'
'FI199';'62470'
'FI199';'62660'
'FI199';'62500'
'FI199';'62510'
'FI199';'62520'
'FI199';'62540'
'FI199';'62600'
'FI199';'62610'
'FI199';'62620'
'FI199';'62630'
'FI199';'62640'
'FI199';'62710'
'FI199';'62720'
'FI199';'62730'
'FI199';'62740'
'FI199';'62750'
'FI199';'62760'
'FI1D7';'97820'
'FI199';'62800'
'FI199';'62810'
'FI199';'62830'
'FI199';'62840'
'FI199';'62860'
'FI199';'62870'
'FI199';'62880'
'FI199';'62900'
'FI199';'62920'
'FI199';'62940'
'FI199';'62950'
'FI199';'63100'
'FI199';'63120'
'FI199';'63130'
'FI199';'63150'
'FI199';'63160'
'FI199';'63210'
'FI199';'63230'
'FI199';'63250'
'FI199';'63300'
'FI199';'63330'
'FI199';'63340'
'FI199';'63350'
'FI199';'63355'
'FI199';'63360'
'FI199';'63880'
'FI199';'63370'
'FI199';'63400'
'FI199';'63410'
'FI199';'63430'
'FI199';'63450'
'FI199';'63500'
'FI199';'63510'
'FI199';'63530'
'FI199';'63540'
'FI199';'63600'
'FI199';'63610'
'FI199';'63640'
'FI199';'63660'
'FI199';'63680'
'FI199';'63890'
'FI199';'64840'
'FI199';'63700'
'FI199';'63770'
'FI199';'63780'
'FI199';'63800'
'FI19A';'64260'
'FI199';'63900'
'FI199';'63910'
'FI199';'63920'
'FI199';'63950'
'FI19A';'64100'
'FI19A';'64300'
'FI19A';'64140'
'FI19A';'64200'
'FI19A';'64210'
'FI19A';'64220'
'FI1DB';'72950'
'FI19A';'64230'
'FI19A';'64320'
'FI199';'64350'
'FI199';'64370'
'FI19A';'64240'
'FI19A';'64250'
'FI19A';'64460'
'FI19A';'64480'
'FI19A';'64490'
'FI19A';'64510'
'FI19A';'64610'
'FI199';'64700'
'FI199';'64720'
'FI199';'64740'
'FI199';'64760'
'FI199';'64770'
'FI199';'64810'
'FI199';'64820'
'FI199';'64830'
'FI199';'64900'
'FI199';'64930'
'FI19A';'65100'
'FI19A';'65130'
'FI199';'66330'
'FI19A';'65170'
'FI19A';'65200'
'FI199';'66340'
'FI19A';'65230'
'FI19A';'65280'
'FI19A';'65300'
'FI19A';'65320'
'FI19A';'65520'
'FI19A';'65350'
'FI19A';'65370'
'FI19A';'65380'
'FI19A';'65410'
'FI19A';'65450'
'FI19A';'65460'
'FI19A';'65470'
'FI19A';'65480'
'FI19A';'65930'
'FI19A';'65970'
'FI19A';'65610'
'FI19A';'65630'
'FI19A';'65650'
'FI19A';'65710'
'FI19A';'66100'
'FI199';'66350'
'FI19A';'65730'
'FI19A';'65760'
'FI19A';'65800'
'FI19A';'65870'
'FI19A';'65920'
'FI19A';'66140'
'FI19A';'66160'
'FI19A';'66200'
'FI19A';'66210'
'FI19A';'66220'
'FI19A';'66230'
'FI19A';'66240'
'FI19A';'66260'
'FI19A';'66270'
'FI19A';'66280'
'FI19A';'66290'
'FI19A';'66295'
'FI199';'66300'
'FI199';'66320'
'FI199';'66360'
'FI199';'66370'
'FI19A';'66400'
'FI19A';'66820'
'FI19A';'66420'
'FI19A';'66430'
'FI199';'66440'
'FI19A';'66970'
'FI19A';'66450'
'FI19A';'66460'
'FI19A';'66470'
'FI19A';'66500'
'FI19A';'66510'
'FI19A';'66520'
'FI19A';'66530'
'FI19A';'66540'
'FI1D9';'68100'
'FI19A';'66550'
'FI19A';'66580'
'FI19A';'66560'
'FI19A';'66600'
'FI19A';'66640'
'FI19A';'66590'
'FI19A';'66660'
'FI19A';'66680'
'FI19A';'66830'
'FI19A';'66840'
'FI19A';'66850'
'FI19A';'66900'
'FI19A';'66910'
'FI19A';'66930'
'FI19A';'66950'
'FI19A';'66980'
'FI19A';'66999'
'FI1D5';'67100'
'FI1D5';'68370'
'FI1D5';'67200'
'FI1D5';'67300'
'FI1D5';'67400'
'FI1D5';'67410'
'FI1D5';'67500'
'FI1D5';'67600'
'FI1D5';'67700'
'FI1D5';'67800'
'FI1D5';'67900'
'FI1D9';'68150'
'FI1D5';'68210'
'FI19A';'68620'
'FI1D5';'68220'
'FI1D5';'68230'
'FI1D5';'68240'
'FI1D5';'68300'
'FI1D5';'68320'
'FI1D5';'68380'
'FI1D5';'68390'
'FI19A';'68410'
'FI19A';'68500'
'FI19A';'68530'
'FI1D5';'68550'
'FI19A';'68555'
'FI19A';'68560'
'FI19A';'68570'
'FI19A';'68580'
'FI19A';'68630'
'FI19A';'68660'
'FI19A';'68690'
'FI19A';'68600'
'FI19A';'68700'
'FI19A';'68750'
'FI19A';'68800'
'FI19A';'68810'
'FI19A';'68920'
'FI19A';'68820'
'FI19A';'68830'
'FI19A';'68840'
'FI19A';'68870'
'FI19A';'68910'
'FI19A';'68930'
'FI19A';'68940'
'FI19A';'68970'
'FI1D5';'68999'
'FI1D5';'69310'
'FI1D5';'69100'
'FI1D5';'69150'
'FI1D5';'69170'
'FI1D5';'69300'
'FI1D5';'69330'
'FI1D5';'69340'
'FI1D5';'69410'
'FI1D5';'69420'
'FI1D5';'69440'
'FI1D5';'69450'
'FI1D5';'69510'
'FI1D5';'69550'
'FI1D5';'69570'
'FI1D5';'69600'
'FI1D5';'69700'
'FI1D5';'69730'
'FI1D5';'69750'
'FI1D5';'69820'
'FI1D5';'69830'
'FI1D5';'69850'
'FI1D5';'69920'
'FI1D5';'69950'
'FI1D5';'69970'
'FI1D5';'69980'
'FI1DB';'70100'
'FI1DB';'70110'
'FI1DB';'70150'
'FI1DB';'70200'
'FI1DB';'70210'
'FI1DB';'70240'
'FI1DB';'70260'
'FI1DB';'70280'
'FI1DB';'70300'
'FI1DB';'70340'
'FI1DB';'70400'
'FI1DB';'70420'
'FI1DB';'70940'
'FI1DB';'70460'
'FI1DB';'70500'
'FI1DB';'70600'
'FI1DB';'70620'
'FI1DB';'70700'
'FI1DB';'70780'
'FI1DB';'70800'
'FI1DB';'70820'
'FI1DB';'70840'
'FI1DB';'70870'
'FI1DB';'70900'
'FI1DB';'70910'
'FI1DB';'71480'
'FI1DB';'71130'
'FI1DB';'71150'
'FI1DB';'71160'
'FI1DB';'71170'
'FI1DB';'71470'
'FI1DB';'71200'
'FI1DB';'71210'
'FI1DB';'71240'
'FI1DB';'71260'
'FI1DB';'71280'
'FI1DB';'71310'
'FI1DB';'71330'
'FI1DB';'71360'
'FI1DB';'71380'
'FI1DB';'71460'
'FI1DB';'71490'
'FI1DB';'71520'
'FI1DB';'71570'
'FI1DB';'71610'
'FI1DB';'71640'
'FI1DB';'71650'
'FI1D7';'98710'
'FI1DB';'71660'
'FI1DB';'71670'
'FI1DB';'71680'
'FI1DB';'71690'
'FI1DB';'71720'
'FI1DB';'71730'
'FI1DB';'71750'
'FI1DB';'71760'
'FI1DB';'71775'
'FI1DB';'71800'
'FI1DB';'71820'
'FI1DB';'71840'
'FI1DB';'71850'
'FI1DB';'71870'
'FI1DB';'71890'
'FI1DB';'72310'
'FI1DB';'71910'
'FI1DB';'71920'
'FI1DB';'71950'
'FI1DB';'71960'
'FI1DB';'72330'
'FI1D7';'99250'
'FI1DB';'72100'
'FI1DB';'72140'
'FI1DB';'72210'
'FI1DB';'72220'
'FI1DB';'72300'
'FI1DB';'72350'
'FI1DB';'72360'
'FI1DB';'72380'
'FI1DB';'72400'
'FI1DB';'72430'
'FI1DB';'72510'
'FI1DB';'72530'
'FI1DB';'72550'
'FI1DB';'72570'
'FI1DB';'72600'
'FI1DB';'72630'
'FI1DB';'72710'
'FI1DB';'72740'
'FI1DB';'72810'
'FI1DB';'72840'
'FI1DB';'72930'
'FI1DB';'72980'
'FI1DB';'73100'
'FI1DB';'73110'
'FI1DB';'73120'
'FI1DB';'73200'
'FI1DB';'73230'
'FI1DB';'73250'
'FI1DB';'73350'
'FI1DB';'73300'
'FI1DB';'73310'
'FI1DB';'73320'
'FI1DB';'73360'
'FI1DB';'73410'
'FI1DB';'73460'
'FI1DB';'73470'
'FI1DB';'73500'
'FI1DB';'73600'
'FI1DB';'73620'
'FI1DB';'73640'
'FI1DB';'73645'
'FI1DB';'73670'
'FI1DB';'73710'
'FI1DB';'73730'
'FI1DB';'73770'
'FI1DB';'73810'
'FI1DB';'73830'
'FI1DB';'73850'
'FI1DB';'73900'
'FI1DB';'73970'
'FI1DB';'73990'
'FI1DB';'74100'
'FI1DB';'74380'
'FI1DB';'74120'
'FI1DB';'74130'
'FI1DB';'74140'
'FI1D8';'74390'
'FI1DB';'74150'
'FI1DB';'74160'
'FI1DB';'74170'
'FI1DB';'74200'
'FI1DB';'74230'
'FI1DB';'74240'
'FI1DB';'74250'
'FI1DB';'74270'
'FI1DB';'74420'
'FI1DB';'74300'
'FI1DB';'74340'
'FI1DB';'74345'
'FI1DB';'74360'
'FI1DB';'74470'
'FI1DB';'74490'
'FI1DB';'74510'
'FI1DB';'74520'
'FI1D8';'89760'
'FI1DB';'74540'
'FI1DB';'74550'
'FI1DB';'74590'
'FI1DB';'74595'
'FI1DB';'74610'
'FI1DB';'74630'
'FI1DB';'74640'
'FI1DB';'74670'
'FI1DB';'74680'
'FI1DB';'74740'
'FI1DB';'74700'
'FI1DB';'74720'
'FI1DB';'74770'
'FI1DB';'74840'
'FI1DB';'74940'
'FI1DB';'74980'
'FI1DC';'75650'
'FI1DB';'75680'
'FI1DC';'75840'
'FI1DC';'75500'
'FI1DC';'75530'
'FI1DC';'75700'
'FI1DC';'75710'
'FI1DC';'75740'
'FI1DC';'75770'
'FI1DC';'75790'
'FI1DC';'75890'
'FI1DC';'75930'
'FI1DC';'75940'
'FI1DC';'75970'
'FI1DC';'75990'
'FI1DA';'76130'
'FI1D9';'86690'
'FI1DA';'76100'
'FI1DA';'76120'
'FI1DA';'76150'
'FI1DA';'76280'
'FI1DA';'76620'
'FI1DA';'76780'
'FI1DA';'77140'
'FI1D8';'87930'
'FI1DA';'76850'
'FI1DA';'76940'
'FI1DA';'77110'
'FI1DA';'77120'
'FI1DB';'77960'
'FI1DA';'77220'
'FI1DA';'77240'
'FI1DA';'77320'
'FI1DA';'77330'
'FI1DA';'77350'
'FI1DA';'77380'
'FI1DA';'77430'
'FI1DB';'77460'
'FI1DB';'77480'
'FI1DA';'77520'
'FI1DA';'77570'
'FI1DA';'77580'
'FI1DB';'77600'
'FI1DB';'77630'
'FI1DB';'77690'
'FI1DB';'77700'
'FI1DB';'77770'
'FI1DB';'77800'
'FI1DB';'77910'
'FI1DB';'77930'
'FI1DB';'78200'
'FI1DB';'78210'
'FI1DB';'78250'
'FI1DB';'78300'
'FI1DB';'78310'
'FI1DB';'78400'
'FI1DB';'78480'
'FI1DB';'78500'
'FI1DC';'82865'
'FI1DB';'78610'
'FI1DB';'78710'
'FI1DB';'78850'
'FI1DB';'78870'
'FI1DB';'78880'
'FI1DB';'78900'
'FI1DB';'79100'
'FI1DB';'79130'
'FI1DB';'79255'
'FI1DB';'79140'
'FI1DB';'79150'
'FI1DB';'79160'
'FI1DB';'79180'
'FI1DB';'79190'
'FI1DB';'79230'
'FI1DB';'79265'
'FI1DB';'79330'
'FI1DB';'79350'
'FI1DB';'79410'
'FI1DB';'79480'
'FI1DB';'79520'
'FI1DB';'79600'
'FI1DB';'79620'
'FI1DB';'79630'
'FI1DB';'79660'
'FI1DB';'79680'
'FI1DB';'79690'
'FI1DC';'79700'
'FI1DC';'79810'
'FI1DC';'79820'
'FI1DC';'79830'
'FI1DC';'79850'
'FI1DC';'79860'
'FI1DC';'79885'
'FI1DC';'79895'
'FI1DC';'79910'
'FI1DC';'79940'
'FI1DC';'82870'
'FI1DC';'80100'
'FI1DC';'80110'
'FI1DC';'80130'
'FI1DC';'80140'
'FI1D8';'89770'
'FI1DC';'80160'
'FI1DC';'80170'
'FI1DC';'80200'
'FI1DC';'80210'
'FI1DC';'80220'
'FI1D7';'99270'
'FI1DC';'80230'
'FI1DC';'80260'
'FI1DC';'80330'
'FI1DC';'80400'
'FI1DC';'80510'
'FI1DC';'80710'
'FI1DC';'80770'
'FI1DC';'80780'
'FI1DC';'80790'
'FI1DC';'80850'
'FI1DC';'80910'
'FI1DC';'81100'
'FI1DC';'81120'
'FI1DC';'81160'
'FI1DC';'81260'
'FI1DC';'81200'
'FI1DC';'81210'
'FI1DC';'81220'
'FI1DC';'81230'
'FI1DC';'81235'
'FI1DC';'81270'
'FI1DC';'81280'
'FI1DC';'81290'
'FI1DC';'81295'
'FI1DC';'81320'
'FI1DC';'81330'
'FI1DC';'81450'
'FI1DC';'81350'
'FI1DC';'81360'
'FI1DC';'81390'
'FI1DC';'81420'
'FI1DC';'81430'
'FI1DC';'81460'
'FI1DC';'81570'
'FI1DC';'81590'
'FI1DC';'81650'
'FI1DC';'81660'
'FI1DC';'81700'
'FI1DC';'81720'
'FI1DC';'81750'
'FI1DC';'81810'
'FI1DC';'81820'
'FI1D8';'89780'
'FI1DC';'81850'
'FI1DC';'81860'
'FI1DC';'81950'
'FI1DC';'81970'
'FI1DC';'82110'
'FI1DC';'82120'
'FI1D9';'92910'
'FI1DC';'82140'
'FI1DC';'82160'
'FI1DC';'82170'
'FI1DC';'82180'
'FI1DC';'82200'
'FI1DC';'82210'
'FI1DC';'82220'
'FI1DC';'82290'
'FI1DC';'82300'
'FI1DC';'82310'
'FI1DC';'82335'
'FI1DC';'82350'
'FI1DC';'82360'
'FI1DC';'82380'
'FI1DC';'82395'
'FI1DC';'82850'
'FI1DC';'82430'
'FI1DC';'82460'
'FI1DC';'82490'
'FI1DC';'82500'
'FI1DC';'82510'
'FI1DC';'82580'
'FI1DC';'82590'
'FI1DC';'82600'
'FI1DC';'82675'
'FI1DC';'82655'
'FI1DC';'82660'
'FI1DC';'82670'
'FI1DC';'82685'
'FI1DC';'82710'
'FI1DC';'82730'
'FI1DC';'82750'
'FI1DC';'82760'
'FI1DC';'82840'
'FI1D7';'99280'
'FI1DC';'82770'
'FI1DC';'82815'
'FI1DC';'82820'
'FI1DC';'82830'
'FI1D9';'92920'
'FI1DC';'82880'
'FI1DC';'82900'
'FI1DC';'82915'
'FI1DC';'83130'
'FI1DC';'82960'
'FI1DC';'82967'
'FI1DC';'82980'
'FI1DC';'83100'
'FI1DC';'83840'
'FI1DC';'83140'
'FI1DC';'83150'
'FI1DC';'83160'
'FI1DC';'83320'
'FI1DC';'83330'
'FI1DC';'83340'
'FI1DC';'83400'
'FI1DC';'83430'
'FI1DC';'83450'
'FI1DC';'83460'
'FI1DC';'83480'
'FI1DC';'83500'
'FI1DC';'83550'
'FI1DC';'83630'
'FI1DC';'83855'
'FI1DC';'83660'
'FI1DC';'83700'
'FI1DC';'83720'
'FI1DC';'83870'
'FI1DC';'83750'
'FI1DC';'83760'
'FI1DC';'83780'
'FI1DC';'83825'
'FI1DC';'83830'
'FI1DC';'83835'
'FI1DC';'83880'
'FI1DC';'83900'
'FI1DC';'83910'
'FI1DC';'83915'
'FI1DC';'83940'
'FI1DC';'83950'
'FI1DC';'83960'
'FI1DC';'83985'
'FI1D9';'84100'
'FI1D9';'84460'
'FI1D9';'84540'
'FI1D9';'84650'
'FI1D9';'84770'
'FI1D9';'85320'
'FI1D9';'84880'
'FI1D9';'85100'
'FI1D9';'85120'
'FI1D9';'85340'
'FI1D9';'85140'
'FI1D9';'85150'
'FI1D9';'85160'
'FI1D9';'85180'
'FI1D9';'85410'
'FI1D9';'85200'
'FI1D9';'85210'
'FI1D9';'85230'
'FI1D9';'85310'
'FI1D9';'85430'
'FI1D9';'85450'
'FI1D9';'85470'
'FI1D9';'85500'
'FI1D9';'85540'
'FI1D9';'85560'
'FI1D9';'85580'
'FI1D9';'85620'
'FI1D9';'85630'
'FI1D9';'85640'
'FI1D9';'85660'
'FI1D9';'85710'
'FI1D9';'85730'
'FI1D9';'85980'
'FI1D9';'85800'
'FI1D9';'85820'
'FI1D9';'85840'
'FI1D9';'85900'
'FI1D9';'85930'
'FI1D9';'85940'
'FI1D9';'86100'
'FI1D9';'86160'
'FI1D9';'86110'
'FI1D9';'86170'
'FI1D9';'86210'
'FI1D9';'86220'
'FI1D9';'86230'
'FI1D9';'86240'
'FI1D9';'86300'
'FI1D9';'86350'
'FI1D9';'86360'
'FI1D9';'86400'
'FI1D9';'86440'
'FI1D9';'86460'
'FI1D9';'86470'
'FI1D9';'86480'
'FI1D9';'86510'
'FI1D9';'86530'
'FI1D9';'86550'
'FI1D9';'86600'
'FI1D9';'86650'
'FI1D9';'86680'
'FI1D9';'86710'
'FI1D9';'86790'
'FI1D9';'86800'
'FI1D9';'86810'
'FI1D9';'86850'
'FI1D9';'86870'
'FI1D9';'86900'
'FI1D9';'86980'
'FI1D8';'87250'
'FI1D8';'87100'
'FI1D8';'87150'
'FI1D8';'87200'
'FI1D8';'87300'
'FI1D8';'87400'
'FI1D8';'87500'
'FI1D8';'87700'
'FI1D9';'93390'
'FI1D8';'87800'
'FI1D8';'87830'
'FI1D8';'87850'
'FI1D8';'87900'
'FI1D8';'87910'
'FI1D8';'87950'
'FI1D8';'87970'
'FI1D8';'88120'
'FI1D8';'88200'
'FI1D8';'88270'
'FI1D8';'88670'
'FI1D8';'88300'
'FI1D8';'88310'
'FI1D9';'88340'
'FI1D8';'88350'
'FI1D8';'88380'
'FI1D8';'88690'
'FI1D8';'88400'
'FI1D8';'88440'
'FI1D8';'88460'
'FI1D8';'88470'
'FI1D8';'88490'
'FI1D8';'88530'
'FI1D8';'88730'
'FI1D8';'88600'
'FI1D8';'88610'
'FI1D8';'88615'
'FI1D8';'88620'
'FI1D8';'88640'
'FI1D8';'88740'
'FI1D8';'88760'
'FI1D8';'88820'
'FI1D8';'88900'
'FI1D8';'89320'
'FI1D8';'88930'
'FI1D8';'88940'
'FI1D8';'89110'
'FI1D8';'89140'
'FI1D8';'89200'
'FI1D8';'89210'
'FI1D8';'89400'
'FI1D8';'89430'
'FI1D8';'89440'
'FI1D8';'89540'
'FI1D8';'89560'
'FI1D9';'90120'
'FI1D8';'89600'
'FI1D8';'89610'
'FI1D8';'89640'
'FI1D8';'89660'
'FI1D8';'89670'
'FI1D8';'89800'
'FI1D8';'89830'
'FI1D8';'89840'
'FI1D9';'90130'
'FI1D9';'91110'
'FI1D8';'89920'
'FI1D9';'90100'
'FI1D9';'90140'
'FI1D9';'90150'
'FI1D9';'90220'
'FI1D9';'90230'
'FI1D9';'90240'
'FI1D9';'90250'
'FI1D9';'90460'
'FI1D9';'90310'
'FI1D9';'90400'
'FI1D9';'90470'
'FI1D9';'90480'
'FI1D9';'91140'
'FI1D9';'90410'
'FI1D9';'90420'
'FI1D9';'90440'
'FI1D9';'90450'
'FI1D9';'90500'
'FI1D9';'90520'
'FI1D9';'90530'
'FI1D9';'91150'
'FI1D9';'90510'
'FI1D9';'90540'
'FI1D9';'90550'
'FI1D9';'90560'
'FI1D9';'90570'
'FI1D9';'90650'
'FI1D9';'90580'
'FI1D9';'90590'
'FI1D9';'90600'
'FI1D9';'90620'
'FI1D9';'90630'
'FI1D9';'90820'
'FI1D9';'90660'
'FI1D9';'90670'
'FI1D9';'90800'
'FI1D9';'90810'
'FI1D9';'90830'
'FI1D9';'90840'
'FI1D9';'90940'
'FI1D9';'90850'
'FI1D9';'91100'
'FI1D9';'90860'
'FI1D9';'90900'
'FI1D9';'90910'
'FI1D9';'91200'
'FI1D9';'91210'
'FI1D9';'91240'
'FI1D9';'91260'
'FI1D9';'91300'
'FI1D9';'91310'
'FI1D9';'91410'
'FI1D9';'91430'
'FI1D9';'91500'
'FI1D9';'91510'
'FI1D9';'91560'
'FI1D9';'91600'
'FI1D9';'91620'
'FI1D9';'91630'
'FI1D9';'91640'
'FI1D9';'91660'
'FI1D9';'91670'
'FI1D9';'91700'
'FI1D9';'91710'
'FI1D9';'91720'
'FI1D9';'91730'
'FI1D9';'91740'
'FI1D9';'91750'
'FI1D9';'91760'
'FI1D9';'91780'
'FI1D9';'91800'
'FI1D9';'91900'
'FI1D9';'92120'
'FI1D9';'92520'
'FI1D9';'91910'
'FI1D9';'91930'
'FI1D9';'91950'
'FI1D9';'91980'
'FI1D9';'92100'
'FI1D9';'92130'
'FI1D9';'92150'
'FI1D9';'92160'
'FI1D9';'93180'
'FI1D9';'92140'
'FI1D9';'92180'
'FI1D9';'92210'
'FI1D9';'93187'
'FI1D9';'92220'
'FI1D9';'92230'
'FI1D9';'92240'
'FI1D9';'92260'
'FI1D9';'92320'
'FI1D9';'92350'
'FI1D9';'92400'
'FI1D9';'92530'
'FI1D9';'92330'
'FI1D9';'92430'
'FI1D9';'92440'
'FI1D9';'92450'
'FI1D9';'92470'
'FI1D9';'92500'
'FI1D9';'92600'
'FI1D9';'92610'
'FI1D9';'92620'
'FI1D9';'92640'
'FI1D9';'92650'
'FI1D9';'92700'
'FI1D9';'92810'
'FI1D9';'92930'
'FI1D9';'93100'
'FI1D9';'93140'
'FI1D9';'93160'
'FI1D9';'93170'
'FI1D9';'93190'
'FI1D9';'93195'
'FI1D9';'93220'
'FI1D9';'93225'
'FI1D9';'93240'
'FI1D9';'93250'
'FI1D9';'93270'
'FI1D9';'93277'
'FI1D9';'93280'
'FI1D9';'93290'
'FI1D9';'93350'
'FI1D9';'93400'
'FI1D9';'93420'
'FI1D9';'93440'
'FI1D9';'93470'
'FI1D9';'93540'
'FI1D9';'93590'
'FI1D9';'93600'
'FI1D9';'93700'
'FI1D9';'93900'
'FI1D9';'93999'
'FI1D9';'93800'
'FI1D9';'93830'
'FI1D7';'94200'
'FI1D7';'94300'
'FI1D7';'94400'
'FI1D7';'94430'
'FI1D7';'94450'
'FI1D7';'94460'
'FI1D7';'94500'
'FI1D7';'94600'
'FI1D7';'94700'
'FI1D7';'95690'
'FI1D7';'94720'
'FI1D7';'94800'
'FI1D7';'95255'
'FI1D7';'94830'
'FI1D7';'94900'
'FI1D9';'95100'
'FI1D7';'95315'
'FI1D9';'95110'
'FI1D9';'95130'
'FI1D9';'95160'
'FI1D7';'95200'
'FI1D7';'95210'
'FI1D7';'95220'
'FI1D7';'95225'
'FI1D7';'95230'
'FI1D7';'95260'
'FI1D7';'95270'
'FI1D7';'95300'
'FI1D7';'95310'
'FI1D7';'95700'
'FI1D7';'95325'
'FI1D7';'95330'
'FI1D7';'95340'
'FI1D7';'95350'
'FI1D7';'95760'
'FI1D7';'95355'
'FI1D7';'95365'
'FI1D7';'95370'
'FI1D7';'95375'
'FI1D7';'95450'
'FI1D7';'95400'
'FI1D7';'95410'
'FI1D7';'95420'
'FI1D7';'95430'
'FI1D7';'95440'
'FI1D7';'95460'
'FI1D7';'95470'
'FI1D7';'95490'
'FI1D7';'95850'
'FI1D7';'95500'
'FI1D7';'95630'
'FI1D7';'95860'
'FI1D7';'95520'
'FI1D7';'95530'
'FI1D7';'95540'
'FI1D7';'95560'
'FI1D7';'95590'
'FI1D7';'95900'
'FI1D7';'95600'
'FI1D7';'95610'
'FI1D7';'95615'
'FI1D7';'95620'
'FI1D7';'95635'
'FI1D7';'95660'
'FI1D7';'95640'
'FI1D7';'95670'
'FI1D7';'95645'
'FI1D7';'95655'
'FI1D7';'95710'
'FI1D7';'95720'
'FI1D7';'95750'
'FI1D7';'99290'
'FI1D7';'95770'
'FI1D7';'95780'
'FI1D7';'95790'
'FI1D7';'95800'
'FI1D7';'95830'
'FI1D7';'95840'
'FI1D7';'99300'
'FI1D7';'95920'
'FI1D7';'95930'
'FI1D7';'95940'
'FI1D7';'95950'
'FI1D7';'95970'
'FI1D7';'95980'
'FI1D7';'95990'
'FI1D7';'96100'
'FI1D7';'96190'
'FI1D7';'96200'
'FI1D7';'96300'
'FI1D7';'96320'
'FI1D7';'96400'
'FI1D7';'96700'
'FI1D7';'96440'
'FI1D7';'96460'
'FI1D7';'96500'
'FI1D7';'96600'
'FI1D7';'99330'
'FI1D7';'96800'
'FI1D7';'96900'
'FI1D7';'96910'
'FI1D7';'96930'
'FI1D7';'97110'
'FI1D7';'97130'
'FI1D7';'97140'
'FI1D7';'97145'
'FI1D7';'97160'
'FI1D7';'97170'
'FI1D7';'97220'
'FI1D7';'97240'
'FI1D7';'97250'
'FI1D7';'97280'
'FI1D7';'97290'
'FI1D7';'97320'
'FI1D7';'97330'
'FI1D7';'97335'
'FI1D7';'97340'
'FI1D7';'97370'
'FI1D7';'97380'
'FI1D7';'97390'
'FI1D7';'97420'
'FI1D7';'97430'
'FI1D7';'97470'
'FI1D7';'97510'
'FI1D7';'97520'
'FI1D7';'97530'
'FI1D7';'97540'
'FI1D7';'97580'
'FI1D7';'97590'
'FI1D7';'97610'
'FI1D7';'97615'
'FI1D7';'97620'
'FI1D7';'97625'
'FI1D7';'97630'
'FI1D7';'97635'
'FI1D7';'97645'
'FI1D7';'97650'
'FI1D7';'97655'
'FI1D7';'97665'
'FI1D7';'97670'
'FI1D7';'97675'
'FI1D7';'97680'
'FI1D7';'97685'
'FI1D7';'97690'
'FI1D7';'97700'
'FI1D7';'97840'
'FI1D7';'97715'
'FI1D7';'97720'
'FI1D7';'97760'
'FI1D7';'97765'
'FI1D7';'97780'
'FI1D7';'97785'
'FI1D7';'97810'
'FI1D7';'97850'
'FI1D7';'97870'
'FI1D7';'97880'
'FI1D7';'97890'
'FI1D7';'97895'
'FI1D7';'97965'
'FI1D7';'97970'
'FI1D7';'97900'
'FI1D7';'97920'
'FI1D7';'97925'
'FI1D7';'97940'
'FI1D7';'97950'
'FI1D7';'97960'
'FI1D7';'97980'
'FI1D7';'97999'
'FI1D7';'98100'
'FI1D7';'98120'
'FI1D7';'98230'
'FI1D7';'98310'
'FI1D7';'98350'
'FI1D7';'98360'
'FI1D7';'98400'
'FI1D7';'98420'
'FI1D7';'98550'
'FI1D7';'98440'
'FI1D7';'98450'
'FI1D7';'98500'
'FI1D7';'98510'
'FI1D7';'98530'
'FI1D7';'98560'
'FI1D7';'98570'
'FI1D7';'98580'
'FI1D7';'98600'
'FI1D7';'98620'
'FI1D7';'98630'
'FI1D7';'98660'
'FI1D7';'98720'
'FI1D7';'98760'
'FI1D7';'98770'
'FI1D7';'98780'
'FI1D7';'98790'
'FI1D7';'98800'
'FI1D7';'98810'
'FI1D7';'98820'
'FI1D7';'98830'
'FI1D7';'98840'
'FI1D7';'98850'
'FI1D7';'98900'
'FI1D7';'98920'
'FI1D7';'99120'
'FI1D7';'98930'
'FI1D7';'98950'
'FI1D7';'98960'
'FI1D7';'98970'
'FI1D7';'98980'
'FI1D7';'98995'
'FI1D7';'99100'
'FI1D7';'99110'
'FI1D7';'99130'
'FI1D7';'99135'
'FI1D7';'99140'
'FI1D7';'99150'
'FI1D7';'99160'
'FI1D7';'99170'
'FI1D7';'99180'
'FI1D7';'99190'
'FI1D7';'99310'
'FI1D7';'99340'
'FI1D7';'99360'
'FI1D7';'99620'
'FI1D7';'99320'
'FI1D7';'99400'
'FI1D7';'99410'
'FI1D7';'99420'
'FI1D7';'99430'
'FI1D7';'99440'
'FI1D7';'99450'
'FI1D7';'99520'
'FI1D7';'99460'
'FI1D7';'99470'
'FI1D7';'99490'
'FI1D7';'99510'
'FI1D7';'99540'
'FI1D7';'99550'
'FI1D7';'99555'
'FI1D7';'99560'
'FI1D7';'99600'
'FI1D7';'99610'
'FI1D7';'99640'
'FI1D7';'99645'
'FI1D7';'99650'
'FI1D7';'99655'
'FI1D7';'99660'
'FI1D7';'99665'
'FI1D7';'99670'
'FI1D7';'99770'
'FI1D7';'99690'
'FI1D7';'99695'
'FI1D7';'99710'
'FI1D7';'99720'
'FI1D7';'99740'
'FI1D7';'99750'
'FI1D7';'99760'
'FI1D7';'99800'
'FI1D7';'99830'
'FI1D7';'99860'
'FI1D7';'99870'
'FI1D7';'99910'
'FI1D7';'99930'
'FI1D7';'99940'
'FI1D7';'99950'
'FI1D7';'99980'
'FI1D7';'99990'
